feature,importance
tcren_score,0.23418280644427514
frac_C,0.08475728820010585
frac_L,0.05941261677192076
frac_H,0.05926685657030267
frac_W,0.04550028572479358
small_frac,0.03576396944742891
hydrophobic_frac,0.032389129576846594
mw_est,0.0288519454488838
frac_M,0.028510134580924277
negative_frac,0.02549949283825872
polar_frac,0.02368211678411701
frac_E,0.023483581753088754
frac_N,0.02057340851971434
tiny_frac,0.0197653237459312
positive_frac,0.019027596367020137
frac_G,0.018804285208895148
aromatic_frac,0.018729277834225108
glycine_frac,0.01690197980564693
frac_F,0.015394959155638455
frac_A,0.014100159885528854
frac_K,0.012161647764614637
frac_D,0.012118226457336236
frac_I,0.010827690757440066
frac_V,0.010629786425827518
proline_frac,0.010624720619615216
frac_R,0.010488200154416313
frac_S,0.008204142372439601
frac_P,0.008156947048121338
frac_Y,0.007930139378512436
length,0.007901515475241363
cdr3a_aromatic_frac,0.006860110823354457
cdr3a_glycine_frac,0.006004727266419302
cdr3a_len,0.00590206155697298
cdr3b_glycine_frac,0.005778324881208258
frac_T,0.005773053848858678
cdr3a_positive_frac,0.005768389453953261
cdr3b_aromatic_frac,0.0055504966066367
cdr3b_hydrophobic_frac,0.00534757630858749
frac_Q,0.005337646009868149
cdr3b_len,0.005033644959104809
cdr3b_negative_frac,0.004396258450764903
cdr3a_hydrophobic_frac,0.0043912713647773355
cdr3a_negative_frac,0.004180533190069597
cdr3b_positive_frac,0.002492572861240289
cdr3a_proline_frac,0.0018907328483876568
cdr3b_proline_frac,0.0016523684526853547
