model_a,model_b,mrr_mean_a,mrr_mean_b,mean_diff (a - b),wilcoxon_p,paired_ttest_p,wilcoxon_p_holm,significant_after_correction (alpha=0.05)
logreg_full,logreg_peptide,0.5562213129289197,0.300918994376021,0.25530231855289887,3.725290298461914e-09,2.960082164844308e-13,7.82310962677002e-08,True
logreg_full,logreg_peptide_tcr,0.5562213129289197,0.30349079826186715,0.2527305146670526,3.725290298461914e-09,5.856270625321013e-13,7.82310962677002e-08,True
logreg_peptide,rf_full,0.300918994376021,0.6197024408582803,-0.3187834464822593,3.725290298461914e-09,2.0642411977691595e-13,7.82310962677002e-08,True
logreg_peptide_tcr,rf_full,0.30349079826186715,0.6197024408582803,-0.3162116425964131,3.725290298461914e-09,7.504892896519281e-13,7.82310962677002e-08,True
rf_full,tcren_baseline,0.6197024408582803,0.3342686812683649,0.2854337595899153,3.725290298461914e-09,6.102281209784857e-11,7.82310962677002e-08,True
logreg_peptide,rf_peptide,0.300918994376021,0.5090690545569925,-0.20815006018097157,9.313225746154785e-09,9.473922185231776e-09,1.4901161193847656e-07,True
logreg_full,tcren_baseline,0.5562213129289197,0.3342686812683649,0.22195263166055484,9.313225746154785e-09,1.278737245394466e-09,1.4901161193847656e-07,True
logreg_peptide_tcr,rf_peptide,0.30349079826186715,0.5090690545569925,-0.2055782562951254,9.313225746154785e-09,1.5608081086438613e-08,1.4901161193847656e-07,True
logreg_peptide,rf_peptide_tcr,0.300918994376021,0.48544089270044904,-0.18452189832442814,3.5390257835388184e-08,2.9070065553836125e-07,4.600733518600464e-07,True
logreg_peptide_tcr,rf_peptide_tcr,0.30349079826186715,0.48544089270044904,-0.1819500944385819,1.6391277313232422e-07,6.254409722863092e-07,1.9669532775878906e-06,True
rf_full,rf_peptide,0.6197024408582803,0.5090690545569925,0.11063338630128773,6.910413503646851e-07,8.135966859123556e-08,7.601454854011536e-06,True
rf_full,rf_peptide_tcr,0.6197024408582803,0.48544089270044904,0.13426154815783115,1.1920928955078125e-06,4.983684413072506e-07,1.1920928955078125e-05,True
rf_peptide,tcren_baseline,0.5090690545569925,0.3342686812683649,0.17480037328862752,5.144625902175903e-06,5.545270665340291e-06,4.630163311958313e-05,True
rf_peptide_tcr,tcren_baseline,0.48544089270044904,0.3342686812683649,0.15117221143208404,7.910653948783875e-05,5.5152323563256934e-05,0.00063285231590271,True
logreg_full,rf_full,0.5562213129289197,0.6197024408582803,-0.0634811279293604,0.022098854184150696,0.02012383852047863,0.15469197928905487,False
logreg_full,rf_peptide_tcr,0.5562213129289197,0.48544089270044904,0.07078042022847075,0.047259049490094185,0.03125264238910957,0.2835542969405651,False
logreg_peptide_tcr,tcren_baseline,0.30349079826186715,0.3342686812683649,-0.030777883006497884,0.28008678182959557,0.22916679443453797,0.8859635517001152,False
logreg_peptide,tcren_baseline,0.300918994376021,0.3342686812683649,-0.03334968689234407,0.24494642950594425,0.1830409398419004,0.8859635517001152,False
logreg_full,rf_peptide,0.5562213129289197,0.5090690545569925,0.047152258371927304,0.17719271034002304,0.11609934760721066,0.8859635517001152,False
logreg_peptide,logreg_peptide_tcr,0.300918994376021,0.30349079826186715,-0.0025718038858461843,0.42795460671186447,0.5564891508391552,0.8859635517001152,False
rf_peptide,rf_peptide_tcr,0.5090690545569925,0.48544089270044904,0.023628161856543446,0.17719271034002304,0.09651743166109081,0.8859635517001152,False
