feature,mean,std
tcren_score,0.32960289580058,0.11289726078488199
frac_C,0.13598224599089798,0.05479035758504905
frac_H,0.09232177333015648,0.05541340715955846
frac_W,0.07293707146995154,0.06405567324813165
frac_M,0.06284721890939711,0.043257356329154735
frac_E,0.054699591831280155,0.05469629345202224
frac_N,0.04507086671153646,0.04816835275046091
mw_est,0.038169698507125954,0.045966974279882576
frac_L,0.03307152221787934,0.05539188505205945
frac_S,0.03098822287123526,0.032808652148964786
small_frac,0.029113303866850647,0.0494973187745982
negative_frac,0.024411057807634567,0.03759531107499012
frac_D,0.019685693536562753,0.025793353405850487
polar_frac,0.019410070231885682,0.03279808889524708
frac_Y,0.016116253954141752,0.025275199211163134
frac_A,0.01578554311338291,0.028854160219576156
frac_K,0.01458526429128427,0.022930157362810545
frac_R,0.01449185362718409,0.022888532552038005
frac_I,0.013989227667400505,0.021445571040187808
aromatic_frac,0.010530424817156485,0.028898669735961093
hydrophobic_frac,0.010061062646236517,0.028019649916530286
length,0.00684379218922625,0.011364336550299392
positive_frac,0.006720864997056236,0.027125159022399863
cdr3a_negative_frac,0.004967550452211315,0.015518062655286722
tiny_frac,0.004855784785123352,0.02505870655585594
cdr3b_len,0.004600861654228934,0.010416764076779574
cdr3b_glycine_frac,0.004409701663779557,0.013730781000705107
frac_F,0.0037663953395120587,0.020683388381396647
glycine_frac,0.0033497903975888022,0.020502427813224523
cdr3b_aromatic_frac,0.0029259794165617994,0.011096812319400745
frac_V,0.002623969484987626,0.02472608954511165
cdr3a_len,0.0025876914095548315,0.013057624154345762
cdr3b_positive_frac,0.002314821883396289,0.0068373304700265645
proline_frac,0.0020900292804876706,0.024725719955468132
frac_P,0.0019460775295663956,0.022387123413468307
frac_G,0.0019240104927057606,0.023470598067221366
cdr3b_negative_frac,0.0018306945371147382,0.012239793727039932
cdr3b_proline_frac,0.0012245913735547398,0.009010814006890426
cdr3a_proline_frac,0.00036809185556135497,0.007091328972466271
cdr3a_aromatic_frac,0.00036331303135584125,0.008894509166275356
cdr3b_hydrophobic_frac,-0.001587586482042426,0.010608509856549379
cdr3a_glycine_frac,-0.002131190152966892,0.011070046084447862
cdr3a_hydrophobic_frac,-0.002678505427170986,0.016669759557240784
cdr3a_positive_frac,-0.0028919540189956913,0.013275811882675214
frac_Q,-0.0032054575220173786,0.017375960733608035
frac_T,-0.0033390899953853904,0.014142825628276316
