split,average_precision
0,0.582045704570457
1,0.44449970827658997
2,0.5843094512728928
3,0.21087683928153192
4,0.5826579726773126
5,0.3975722939941053
6,0.6124118661866187
7,0.29484874543056316
8,0.473620527306968
9,0.35029808068784885
10,0.49348755427450186
11,0.5765020246727564
12,0.5342200197463356
13,0.566651533494754
14,0.538449213700991
15,0.3623206381358555
16,0.3986050194931774
17,0.32339430865620544
18,0.3359509970393591
19,0.34767628205128204
20,0.4682164208259702
21,0.6571636212624585
22,0.5561955574912891
23,0.4112408357771261
24,0.5357724411603721
25,0.4381316718472421
26,0.4345206656118634
27,0.4297460804362645
28,0.6170183982683982
29,0.23942781084676096
